Workbook
Name Firms: Picklists!$A$2:$A$6
Name Clients: Picklists!$B$2:$B$8
Name Investigators: Picklists!$C$2:$C$18
Name InstructionStatus: Picklists!$D$2:$D$5
Name InstructionType: Picklists!$E$2:$E$21
Name YesNo: Picklists!$F$2:$F$3
Name CouncilMethod: Picklists!$G$2:$G$4
Name CouncilResponse: Picklists!$H$2:$H$4
Name ActivatePortal: Picklists!$I$2:$I$3

Sheet Cover
B2: ID Inquiries Migration — Data Collection Template
B3: Project #4593 | Version 5.1 | April 2026 | Prepared by A2Z Cloud
B5: Welcome
B6: This single workbook captures everything we need to migrate ID Inquiries' active instructions into the new Zoho CRM. You only need to fill in two tabs — Instructions and Portal Users — and check the Submission Readiness tab tells you when the file is ready to send back.
B8: How to use this file
B10: Step 1 — Read the Guide tab — it explains every column and what's required.
B12: Step 2 — Go to the Instructions tab and fill one row per active instruction. Required cells turn red if left blank.
B14: Step 3 — Fill the Portal Users tab if you have client portal users to set up. (Optional — you can do this later.)
B16: Step 4 — Open the Submission Readiness tab. When it shows READY TO SEND: YES, email this file back to A2Z Cloud.
B19: Status legend
B21: ✓ Ready Row is fully valid and will import cleanly.
B22: ! Incomplete Required cells are empty — see the Missing Fields column.
... B28: Project #4593 — ID Inquiries Ltd

Sheet Guide
B2: How to fill this template
B4: Required vs optional | C4: Columns marked with * in the header (and shown in red) are required for every row. Columns without * are optional.
B6: Conditionally required | C6: If Instruction Status = Allocated, then Investigator Assigned + Date Assigned are required for that row. If Council Response = Yes, then Licence Check Notes are required for that row.
B8: Dropdowns (▼ icon) | C8: Click the cell, then click the dropdown arrow that appears, and pick a value. Don't type values — typed values will be flagged as invalid in the Submission Readiness tab.
B10: 'Other – advise A2Z Cloud' | C10: If a firm, client, or investigator isn't in the dropdown, pick this option and write a comment in the next column. We'll add the missing record before importing.
B12: Dates | C12: Type dates as DD/MM/YYYY (e.g. 16/05/2024). The cell format is locked to date — Excel may reformat your input.
B14: 'Basic' instruction type | C14: The old extract used 'Basic' as a catch-all. The new template requires you to pick the actual venue type (Pub/Bar – background, Restaurant//Café, etc.) from the dropdown — this matches what the CRM expects.
B16: Blank cells | C16: Leave optional cells genuinely empty. Don't type 'N/A', 'None', or '-'. The validation treats those as valid values and they'll end up in the CRM.
B18: Submission Readiness | C18: Open this tab any time to see how many rows are ready, what's missing, and whether you can send the file back. It updates automatically as you fill rows.
B20: When you're done | C20: Submission Readiness shows READY TO SEND: YES → email the file back to Sam at A2Z Cloud.

Sheet Instructions
A1: PREMISES | I1: INSTRUCTION | Q1: INVESTIGATOR | S1: LICENCE CHECK | W1: DIAGNOSTICS
A2: Premises Name * | B2: Street Address * | C2: City * | D2: County | E2: Postcode * | F2: Licensing Authority * | G2: Premises Licence Holder | H2: DPS | I2: Instruction Status * | J2: Instructing Company * | K2: Instructing Client * | L2: Client Ref | M2: Date of Instruction * | N2: Instruction Type * | O2: Is Reinstruction? * | P2: Instruction Notes | Q2: Investigator Assigned | R2: Date Assigned | S2: Council Request Method | T2: Council Request Date | U2: Council Response? | V2: Licence Check Notes | W2: Row Status | X2: Missing Fields
A3: Name of the licensed venue exactly as on the licence. | B3: Full street address (was missing in test extract — please backfill). | C3: Town or city. | D3: County (optional). | E3: Full UK postcode. | F3: Council that issued the licence (was missing in test extract — please backfill). | G3: Legal entity holding the premises licence. | H3: Designated Premises Supervisor full name. | I3: ▼ Current status of this instruction. | J3: ▼ Law firm. Pick 'Other' if not listed. | K3: ▼ Individual lawyer (firm shown in brackets). | L3: Client's own reference number. | M3: Date instruction received. DD/MM/YYYY. | N3: ▼ Venue type closest to this premises. (Replaces 'Basic'.) | O3: ▼ Repeat visit to same premises? | P3: Special instructions for the investigator — copy from your source notes. | Q3: ▼ Required IF Status = Allocated. Leave blank otherwise. | R3: Required IF Status = Allocated. DD/MM/YYYY. | S3: ▼ How licence details were requested. | T3: Date council was contacted. DD/MM/YYYY. | U3: ▼ Has the council responded? | V3: Required IF Council Response = Yes. | W3: Auto-calculated. | X3: Auto-calculated. Lists what's missing.
A4: The Swan Inn | B4: 14 Greengate Street | C4: Stafford | D4: Staffordshire | E4: ST16 3RW | F4: Staffordshire County Council | G4: Trust Inns Ltd | H4: Edward Paul Bolton | I4: On Hold | J4: Hamlins LLP | K4: Michael Green (Hamlins LLP) | L4: 591/PPLPRS1734 | M4: 02/05/2024 | N4: Pub/Bar – background | O4: No | P4: Confirm Licensee and DPS. Attempt to obtain bank details. | Q4: Gary Hall | R4: 16/05/2024 | S4: Public Register Online | T4: 07/05/2024 | U4: Yes | V4: Email from Michael asking to put on hold — linked premises found.
A5: ▶ Row 4 is an EXAMPLE — leave it as a reference. Start filling your real data from row 6 below.
W6: =IF(A6="","",IF(OR(A6="",B6="",C6="",E6="",F6="",I6="",J6="",K6="",M6="",N6="",O6="",AND(I6="Allocated",OR(Q6="",R6="")),AND(U6="Yes",V6="")),"Incomplete","Ready")) | X6: =IF(W6<>"Incomplete","",SUBSTITUTE(IF(B6="",", Street Address","")&IF(C6="",", City","")&IF(E6="",", Postcode","")&IF(F6="",", Licensing Authority","")&IF(I6="",", Status","")&IF(J6="",", Firm","")&IF(K6="",", Client","")&IF(M6="",", Date of Instruction","")&IF(N6="",", Instruction Type","")&IF(O6="",", Reinstruction","")&IF(AND(I6="Allocated",Q6=""),", Investigator","")&IF(AND(I6="Allocated",R6=""),", Date Assigned","")&IF(AND(U6="Yes",V6=""),", Licence Check Notes",""),", ","",1))
W7: =IF(A7="","",IF(OR(A7="",B7="",C7="",E7="",F7="",I7="",J7="",K7="",M7="",N7="",O7="",AND(I7="Allocated",OR(Q7="",R7="")),AND(U7="Yes",V7="")),"Incomplete","Ready")) | X7: =IF(W7<>"Incomplete","",SUBSTITUTE(IF(B7="",", Street Address","")&IF(C7="",", City","")&IF(E7="",", Postcode","")&IF(F7="",", Licensing Authority","")&IF(I7="",", Status","")&IF(J7="",", Firm","")&IF(K7="",", Client","")&IF(M7="",", Date of Instruction","")&IF(N7="",", Instruction Type","")&IF(O7="",", Reinstruction","")&IF(AND(I7="Allocated",Q7=""),", Investigator","")&IF(AND(I7="Allocated",R7=""),", Date Assigned","")&IF(AND(U7="Yes",V7=""),", Licence Check Notes",""),", ","",1))
W8: =IF(A8="","",IF(OR(A8="",B8="",C8="",E8="",F8="",I8="",J8="",K8="",M8="",N8="",O8="",AND(I8="Allocated",OR(Q8="",R8="")),AND(U8="Yes",V8="")),"Incomplete","Ready")) | X8: =IF(W8<>"Incomplete","",SUBSTITUTE(IF(B8="",", Street Address","")&IF(C8="",", City","")&IF(E8="",", Postcode","")&IF(F8="",", Licensing Authority","")&IF(I8="",", Status","")&IF(J8="",", Firm","")&IF(K8="",", Client","")&IF(M8="",", Date of Instruction","")&IF(N8="",", Instruction Type","")&IF(O8="",", Reinstruction","")&IF(AND(I8="Allocated",Q8=""),", Investigator","")&IF(AND(I8="Allocated",R8=""),", Date Assigned","")&IF(AND(U8="Yes",V8=""),", Licence Check Notes",""),", ","",1))
W9: =IF(A9="","",IF(OR(A9="",B9="",C9="",E9="",F9="",I9="",J9="",K9="",M9="",N9="",O9="",AND(I9="Allocated",OR(Q9="",R9="")),AND(U9="Yes",V9="")),"Incomplete","Ready")) | X9: =IF(W9<>"Incomplete","",SUBSTITUTE(IF(B9="",", Street Address","")&IF(C9="",", City","")&IF(E9="",", Postcode","")&IF(F9="",", Licensing Authority","")&IF(I9="",", Status","")&IF(J9="",", Firm","")&IF(K9="",", Client","")&IF(M9="",", Date of Instruction","")&IF(N9="",", Instruction Type","")&IF(O9="",", Reinstruction","")&IF(AND(I9="Allocated",Q9=""),", Investigator","")&IF(AND(I9="Allocated",R9=""),", Date Assigned","")&IF(AND(U9="Yes",V9=""),", Licence Check Notes",""),", ","",1))
W10: =IF(A10="","",IF(OR(A10="",B10="",C10="",E10="",F10="",I10="",J10="",K10="",M10="",N10="",O10="",AND(I10="Allocated",OR(Q10="",R10="")),AND(U10="Yes",V10="")),"Incomplete","Ready")) | X10: =IF(W10<>"Incomplete","",SUBSTITUTE(IF(B10="",", Street Address","")&IF(C10="",", City","")&IF(E10="",", Postcode","")&IF(F10="",", Licensing Authority","")&IF(I10="",", Status","")&IF(J10="",", Firm","")&IF(K10="",", Client","")&IF(M10="",", Date of Instruction","")&IF(N10="",", Instruction Type","")&IF(O10="",", Reinstruction","")&IF(AND(I10="Allocated",Q10=""),", Investigator","")&IF(AND(I10="Allocated",R10=""),", Date Assigned","")&IF(AND(U10="Yes",V10=""),", Licence Check Notes",""),", ","",1))
W11: =IF(A11="","",IF(OR(A11="",B11="",C11="",E11="",F11="",I11="",J11="",K11="",M11="",N11="",O11="",AND(I11="Allocated",OR(Q11="",R11="")),AND(U11="Yes",V11="")),"Incomplete","Ready")) | X11: =IF(W11<>"Incomplete","",SUBSTITUTE(IF(B11="",", Street Address","")&IF(C11="",", City","")&IF(E11="",", Postcode","")&IF(F11="",", Licensing Authority","")&IF(I11="",", Status","")&IF(J11="",", Firm","")&IF(K11="",", Client","")&IF(M11="",", Date of Instruction","")&IF(N11="",", Instruction Type","")&IF(O11="",", Reinstruction","")&IF(AND(I11="Allocated",Q11=""),", Investigator","")&IF(AND(I11="Allocated",R11=""),", Date Assigned","")&IF(AND(U11="Yes",V11=""),", Licence Check Notes",""),", ","",1))
W12: =IF(A12="","",IF(OR(A12="",B12="",C12="",E12="",F12="",I12="",J12="",K12="",M12="",N12="",O12="",AND(I12="Allocated",OR(Q12="",R12="")),AND(U12="Yes",V12="")),"Incomplete","Ready")) | X12: =IF(W12<>"Incomplete","",SUBSTITUTE(IF(B12="",", Street Address","")&IF(C12="",", City","")&IF(E12="",", Postcode","")&IF(F12="",", Licensing Authority","")&IF(I12="",", Status","")&IF(J12="",", Firm","")&IF(K12="",", Client","")&IF(M12="",", Date of Instruction","")&IF(N12="",", Instruction Type","")&IF(O12="",", Reinstruction","")&IF(AND(I12="Allocated",Q12=""),", Investigator","")&IF(AND(I12="Allocated",R12=""),", Date Assigned","")&IF(AND(U12="Yes",V12=""),", Licence Check Notes",""),", ","",1))
W13: =IF(A13="","",IF(OR(A13="",B13="",C13="",E13="",F13="",I13="",J13="",K13="",M13="",N13="",O13="",AND(I13="Allocated",OR(Q13="",R13="")),AND(U13="Yes",V13="")),"Incomplete","Ready")) | X13: =IF(W13<>"Incomplete","",SUBSTITUTE(IF(B13="",", Street Address","")&IF(C13="",", City","")&IF(E13="",", Postcode","")&IF(F13="",", Licensing Authority","")&IF(I13="",", Status","")&IF(J13="",", Firm","")&IF(K13="",", Client","")&IF(M13="",", Date of Instruction","")&IF(N13="",", Instruction Type","")&IF(O13="",", Reinstruction","")&IF(AND(I13="Allocated",Q13=""),", Investigator","")&IF(AND(I13="Allocated",R13=""),", Date Assigned","")&IF(AND(U13="Yes",V13=""),", Licence Check Notes",""),", ","",1))
W14: =IF(A14="","",IF(OR(A14="",B14="",C14="",E14="",F14="",I14="",J14="",K14="",M14="",N14="",O14="",AND(I14="Allocated",OR(Q14="",R14="")),AND(U14="Yes",V14="")),"Incomplete","Ready")) | X14: =IF(W14<>"Incomplete","",SUBSTITUTE(IF(B14="",", Street Address","")&IF(C14="",", City","")&IF(E14="",", Postcode","")&IF(F14="",", Licensing Authority","")&IF(I14="",", Status","")&IF(J14="",", Firm","")&IF(K14="",", Client","")&IF(M14="",", Date of Instruction","")&IF(N14="",", Instruction Type","")&IF(O14="",", Reinstruction","")&IF(AND(I14="Allocated",Q14=""),", Investigator","")&IF(AND(I14="Allocated",R14=""),", Date Assigned","")&IF(AND(U14="Yes",V14=""),", Licence Check Notes",""),", ","",1))
W15: =IF(A15="","",IF(OR(A15="",B15="",C15="",E15="",F15="",I15="",J15="",K15="",M15="",N15="",O15="",AND(I15="Allocated",OR(Q15="",R15="")),AND(U15="Yes",V15="")),"Incomplete","Ready")) | X15: =IF(W15<>"Incomplete","",SUBSTITUTE(IF(B15="",", Street Address","")&IF(C15="",", City","")&IF(E15="",", Postcode","")&IF(F15="",", Licensing Authority","")&IF(I15="",", Status","")&IF(J15="",", Firm","")&IF(K15="",", Client","")&IF(M15="",", Date of Instruction","")&IF(N15="",", Instruction Type","")&IF(O15="",", Reinstruction","")&IF(AND(I15="Allocated",Q15=""),", Investigator","")&IF(AND(I15="Allocated",R15=""),", Date Assigned","")&IF(AND(U15="Yes",V15=""),", Licence Check Notes",""),", ","",1))
W16: =IF(A16="","",IF(OR(A16="",B16="",C16="",E16="",F16="",I16="",J16="",K16="",M16="",N16="",O16="",AND(I16="Allocated",OR(Q16="",R16="")),AND(U16="Yes",V16="")),"Incomplete","Ready")) | X16: =IF(W16<>"Incomplete","",SUBSTITUTE(IF(B16="",", Street Address","")&IF(C16="",", City","")&IF(E16="",", Postcode","")&IF(F16="",", Licensing Authority","")&IF(I16="",", Status","")&IF(J16="",", Firm","")&IF(K16="",", Client","")&IF(M16="",", Date of Instruction","")&IF(N16="",", Instruction Type","")&IF(O16="",", Reinstruction","")&IF(AND(I16="Allocated",Q16=""),", Investigator","")&IF(AND(I16="Allocated",R16=""),", Date Assigned","")&IF(AND(U16="Yes",V16=""),", Licence Check Notes",""),", ","",1))
W17: =IF(A17="","",IF(OR(A17="",B17="",C17="",E17="",F17="",I17="",J17="",K17="",M17="",N17="",O17="",AND(I17="Allocated",OR(Q17="",R17="")),AND(U17="Yes",V17="")),"Incomplete","Ready")) | X17: =IF(W17<>"Incomplete","",SUBSTITUTE(IF(B17="",", Street Address","")&IF(C17="",", City","")&IF(E17="",", Postcode","")&IF(F17="",", Licensing Authority","")&IF(I17="",", Status","")&IF(J17="",", Firm","")&IF(K17="",", Client","")&IF(M17="",", Date of Instruction","")&IF(N17="",", Instruction Type","")&IF(O17="",", Reinstruction","")&IF(AND(I17="Allocated",Q17=""),", Investigator","")&IF(AND(I17="Allocated",R17=""),", Date Assigned","")&IF(AND(U17="Yes",V17=""),", Licence Check Notes",""),", ","",1))
... W405: =IF(A405="","",IF(OR(A405="",B405="",C405="",E405="",F405="",I405="",J405="",K405="",M405="",N405="",O405="",AND(I405="Allocated",OR(Q405="",R405="")),AND(U405="Yes",V405="")),"Incomplete","Ready")) | X405: =IF(W405<>"Incomplete","",SUBSTITUTE(IF(B405="",", Street Address","")&IF(C405="",", City","")&IF(E405="",", Postcode","")&IF(F405="",", Licensing Authority","")&IF(I405="",", Status","")&IF(J405="",", Firm","")&IF(K405="",", Client","")&IF(M405="",", Date of Instruction","")&IF(N405="",", Instruction Type","")&IF(O405="",", Reinstruction","")&IF(AND(I405="Allocated",Q405=""),", Investigator","")&IF(AND(I405="Allocated",R405=""),", Date Assigned","")&IF(AND(U405="Yes",V405=""),", Licence Check Notes",""),", ","",1))

Sheet Portal Users
A1: Portal Users — clients who need login access to submit instructions
A2: Client Name * | B2: Firm | C2: Email * | D2: Phone | E2: Activate Portal?
A3: ▼ Pick from dropdown. | B3: Auto-fill — leave blank. | C3: REQUIRED. Their direct email. | D3: Optional. | E3: ▼ Yes = activate now. Defer = set up later.

Sheet Submission Readiness
B2: =IF(AND(C5>0,C7=0),"READY TO SEND ✓ — Email this file back to A2Z Cloud","NOT READY × — Fix the issues below before sending")
B4: Headline counts
B5: Total rows entered | C5: =COUNTA(Instructions!A6:A405)
B6: Rows fully valid (Ready) | C6: =COUNTIF(Instructions!W6:W405,"Ready")
B7: Rows incomplete | C7: =COUNTIF(Instructions!W6:W405,"Incomplete")
B9: Issue breakdown
B10: Issue | C10: Count | D10: First example row
B11: Missing Street Address | C11: =SUMPRODUCT((Instructions!A6:A405<>"")*(Instructions!B6:B405="")) | D11: =IFERROR(MATCH(1,(Instructions!A6:A405<>"")*(Instructions!B6:B405=""),0)+5,"—")
B12: Missing Licensing Authority | C12: =SUMPRODUCT((Instructions!A6:A405<>"")*(Instructions!F6:F405="")) | D12: =IFERROR(MATCH(1,(Instructions!A6:A405<>"")*(Instructions!F6:F405=""),0)+5,"—")
B13: Missing Postcode | C13: =SUMPRODUCT((Instructions!A6:A405<>"")*(Instructions!E6:E405="")) | D13: =IFERROR(MATCH(1,(Instructions!A6:A405<>"")*(Instructions!E6:E405=""),0)+5,"—")
B14: Missing Status / Firm / Client | C14: =SUMPRODUCT((Instructions!A6:A405<>"")*((Instructions!I6:I405="")+(Instructions!J6:J405="")+(Instructions!K6:K405="")>0)) | D14: =IFERROR(MATCH(1,(Instructions!A6:A405<>"")*((Instructions!I6:I405="")+(Instructions!J6:J405="")+(Instructions!K6:K405="")>0),0)+5,"—")
B15: Missing Date / Type / Reinstruction flag | C15: =SUMPRODUCT((Instructions!A6:A405<>"")*((Instructions!M6:M405="")+(Instructions!N6:N405="")+(Instructions!O6:O405="")>0)) | D15: =IFERROR(MATCH(1,(Instructions!A6:A405<>"")*((Instructions!M6:M405="")+(Instructions!N6:N405="")+(Instructions!O6:O405="")>0),0)+5,"—")
B16: Allocated rows missing investigator/date | C16: =SUMPRODUCT((Instructions!I6:I405="Allocated")*((Instructions!Q6:Q405="")+(Instructions!R6:R405="")>0)) | D16: =IFERROR(MATCH(1,(Instructions!I6:I405="Allocated")*((Instructions!Q6:Q405="")+(Instructions!R6:R405="")>0),0)+5,"—")
B17: Council Response = Yes but no notes | C17: =SUMPRODUCT((Instructions!U6:U405="Yes")*(Instructions!V6:V405="")) | D17: =IFERROR(MATCH(1,(Instructions!U6:U405="Yes")*(Instructions!V6:V405=""),0)+5,"—")
B18: 'Other' firm picked (needs A2Z follow-up) | C18: =COUNTIF(Instructions!J6:J405,"Other – advise A2Z Cloud") | D18: =IFERROR(MATCH("Other – advise A2Z Cloud",Instructions!J6:J405,0)+5,"—")
B19: 'Other' client picked (needs A2Z follow-up) | C19: =COUNTIF(Instructions!K6:K405,"Other – advise A2Z Cloud") | D19: =IFERROR(MATCH("Other – advise A2Z Cloud",Instructions!K6:K405,0)+5,"—")
B20: 'Other' investigator picked (needs A2Z follow-up) | C20: =COUNTIF(Instructions!Q6:Q405,"Other – advise A2Z Cloud") | D20: =IFERROR(MATCH("Other – advise A2Z Cloud",Instructions!Q6:Q405,0)+5,"—")
B22: Tip: this dashboard updates live as you fill rows. The banner above turns green when there are no issues left and at least one row has been entered.

Sheet Picklists
A1: Firms | B1: Clients | C1: Investigators | D1: InstructionStatus | E1: InstructionType | F1: YesNo | G1: CouncilMethod | H1: CouncilResponse | I1: ActivatePortal
A2: Hamlins LLP | B2: Michael Green (Hamlins LLP) | C2: Mathew MacMillan | D2: On Hold | E2: Pub/Bar – background | F2: Yes | G2: Public Register Online | H2: Yes | I2: Yes
A3: Seddons-GSC | B3: Kirsty Lawrence (Hamlins LLP) | C3: Dan Blowes | D3: Unallocated | E3: Pub/Bar – event | F3: No | G3: Email | H3: No | I3: Defer
A4: Brodies LLP | B4: Wendy Farrow (Hamlins LLP) | C4: David Garside | D4: Ready for Allocation | E4: Restaurant//Café | G4: Form Submitted | H4: Awaiting Response
A5: Burness Paull LLP | B5: Martin Ochs (Hamlins LLP) | C5: Gary Hall | D5: Allocated | E5: Cafe
A6: Other – advise A2Z Cloud | B6: Renee Afambu (Hamlins LLP) | C6: Ian Hodgson | E6: Nightclub
B7: Lucy Duff (Brodies LLP) | C7: Jane Dowson | E7: Stripclub
B8: Other – advise A2Z Cloud | C8: Justine Ranson | E8: Gentleman's Club
C9: Ken Farrell | E9: Shop
C10: Mandi Astill | E10: Shop – High Street
C11: Neil Beattie | E11: Shop – Warehouse/Industrial
C12: Stuart Paton | E12: Beauty Salon
C13: Tom Kell | E13: Barber (Gents)
C14: Charles Clawson | E14: Hairdresser
C15: Luke Terry | E15: Nail Salon
C16: Adam McLean | E16: Tattoo Parlour
C17: John McGowan | E17: Gym
C18: Other – advise A2Z Cloud | E18: Hotel – Bedroom
E19: Hotel – Common Areas
E20: Festival
E21: Other
